,Date,Time,Username,Message,sentiment_label
0,2025-02-06,20:05:33,aahoy836,! 2025,neutral
1,2025-02-14,18:48:55,H. Marlan,! 38 pejabat kemenkeu anak buah sri mulyani dilaporkan kpk ?,neutral
2,2025-02-13,12:39:29,Joko Subiyanto,?,positive
3,2025-02-01,10:39:15,Surjanto,10 amanah hrs prabowo ! ! !,neutral
4,2025-02-16,08:39:04,Surjanto,152 1736 abi mbak endang tw cerita diambil hikmah manfaatnya,neutral
5,2025-02-10,23:45:27,aahoy836,160 lowongan kerja tamat smasmk s1 lamar,neutral
6,2025-02-01,13:47:45,Muhammad Thohir,1bersiap,neutral
7,2025-02-06,15:33:29,H. Marlan,1imad cs proyek strategis nasionalberhasil berhasilbuktinyaa bangun pagar laut 31km dasar laut cor semen cetakan orang orang tau,neutral
8,2025-02-05,21:06:19,Junaidi Kasim,2 kekuasaanya blm hilangayo wowo takluk wiwiskg sbg ri bp tunjukan macan asianya,neutral
9,2025-02-13,23:29:17,OM GENG,2 sidak cuekin,negative
10,2025-02-10,16:10:28,Dwi Sunarsitin,7 langkah hidup sehat nabi muhammad,positive
11,2025-02-01,11:03:06,Surjanto,70 menteri prabowo berani negara indonesia,neutral
12,2025-02-15,21:26:35,aahoy836,8 provinsi gelar pemutihan pajak kendaraan 31 desember 2025,neutral
13,2025-02-03,12:05:10,aahoy836,800000 posisi dibuka masyarakat indonesia wajib persyaratannya,neutral
14,2025-02-16,20:22:59,Kanu Ragan,aaa,positive
15,2025-02-07,05:32:26,Sri Rahayu,aamiin,positive
16,2025-02-02,07:57:17,Junaidi Kasim,aamiin 3x,positive
17,2025-02-14,00:07:47,Fitri Refa,aamiin allah,positive
18,2025-02-13,01:17:50,Sri Rahayu,aamiin smga jokowi cs hancur sehancur hancurnya berantakan aamiin allah allah robbal alamiin,negative
19,2025-02-13,23:50:27,Bang Yusuf || Muhibbin,aba idi santuni anak korban pengeroyokan ketapang ratusan yatim,neutral
20,2025-02-10,21:03:55,Satrio PAMBUKANING Projo,abdul kohar mantan kajari purworejo tertangkap kamera mengenakan jam berharga milyaran baju merk harga jutaan,neutral
21,2025-02-04,08:07:35,Affandy Ridwan,abuya h nurhadi husein lc ma,neutral
22,2025-02-05,21:18:06,Affandy Ridwan,abuya h nurhadi husein lc ma,neutral
23,2025-02-07,08:09:40,Affandy Ridwan,abuya h saidul amin ma,neutral
24,2025-02-07,13:31:55,Davip Maldian,adi,positive
25,2025-02-12,22:17:48,OM GENG,adu kepala niih,negative
26,2025-02-06,11:58:30,dadan,aduh ngapain bocorin susah manuver prabowo,negative
27,2025-02-03,22:39:33,____,aguan mulutku undangundang,negative
28,2025-02-03,08:00:39,Surjanto,ahmad khozinudin persekusi preman desa muncung pakuhaji berjuang penghancuran proyek pik pemulangan cinacina negeri asalnya bantubela ahmad khozinudin kejadian pemerintahan prabowo subianto mengambil kesimpulan sikap cepat keras dalan penyelesaian pemilik pemasang pagar laut perampasan tanahtanah rakyat pribumi asli indonesia pelanggaran pembuatan shgb shm lakukan bantuan aparatur pemerintahan propinsi banten pecat hukum pelakunya sesuai perundangundangan dibiyarkan kasihan rakyat pribumi asli indonesia adu domba oligarki china biadab gerombolan budakbudak penjilat pantatpantat cina perbuatan persekusi ahmad khosinudin orang mengkordinir membayar premanpreman muncung pakuhaji,negative
29,2025-02-08,09:17:14,OM GENG,akhirat kelak 3 surga neraka,negative
30,2025-02-10,05:16:07,Surjanto,akibat ummat islam digiring membenci politik penjajah berhasil menjajah indonesia wilayah g peduli politik ? ? ?,negative
31,2025-02-13,23:22:03,Surjanto,aksi konvoi puluhan motor lintasi kediaman jokowi solo sembari teriak adili jokowi,neutral
32,2025-02-15,21:46:15,Davip Maldian,alangkah doakan prabowo sehat umur pengumuman capres gak etis,negative
33,2025-02-06,15:19:41,Surjanto,alasan,negative
34,2025-02-01,07:39:44,.,alhamdulillah,positive
35,2025-02-02,18:29:07,hitam putih,alhamdulillah,positive
36,2025-02-12,16:40:23,i MANS ulistiyo,alhamdulillah,positive
37,2025-02-13,07:10:33,.,alhamdulillah,positive
38,2025-02-09,08:51:53,Surjanto,alhamdulillah alhamdulillah alhamdulillah kuasa izin allah taala saudarasaudara sebangsa setanah air hancurkan gerombolan jokowi penghianat pendurhaka pembohong penipu berijazah palsu gerombolan penjilat pantatpantat china gerombolan oligarki china biadab gerombolan gerombolan penghianat bangsa negara maafkan lakukan penghancuran pengusiran chinachina biadab wajib hancurkan hancurhancurnya lakukan sosialisasi penjelasan situasi kondisi bangsa negara seterangterangnya rakyat pribumi asli indonesia manapun keluarga saudara tetanggatetangga teman masjid surau mushalah pesantrenpesantren tempattempat keramaian menunggu langkahlangkah keras pimpinan bangsa negara panglima tertinggi presiden prabowo subianto,negative
39,2025-02-14,18:22:26,Asep S.,alhamdulillah koruptor makan uang negara baiknya dihukum mati,negative
40,2025-02-12,11:45:33,Surjanto,alhamdulillah taufiq hidayah allah taala masyarakat banten rakyat pribumi asli indonesia wabih khusus ummat muslim bertekad merebut tanahtanah kuasai oligarki china biadab paksa dholim bantuan rezim pdipjokowi penghianat pendurhaka berijazah palsu gerombolan budakbudak penjilat pantatpantat oligarki china aparatur pemerintahan daerahdesa gerombolan apdesi aparat polisi bpn premanpreman kampung bodoh sampah busuk masyarakat titik darah penghabisan anak cucu cucu keturunan bangsa negara indonesia,negative
41,2025-02-05,02:00:43,SA Ir.Rey,alih perhatian ! ! !,neutral
42,2025-02-12,15:53:07,Syahril Nasution,allahu akbar,positive
43,2025-02-12,08:45:39,Alqud,amalan nisfu syaban,negative
44,2025-02-07,09:40:21,ismid manar53,amanah zaman perang bratayudha perang saudara perang dunia iii perang nuklir,neutral
45,2025-02-13,15:05:53,Iwan Setia Badra Adji,amin allahuma aminbantu viralkantrimakasih,positive
46,2025-02-05,12:27:38,aahoy836,anak perusahaan bumn buka lowongan kerja 28 februari 2025,neutral
47,2025-02-03,11:53:13,Surjanto,andaikan oligarki rusak nkric 1n4 antek 2nya kaya gini sm prabowo,negative
48,2025-02-15,21:46:15,Davip Maldian,aneh prabowo udah presiden,negative
49,2025-02-04,10:24:04,Davip Maldian,anies rasyid baswedan,neutral
50,2025-02-15,19:33:59,aahoy836,antri !,negative
51,2025-02-03,21:28:38,Surjanto,asik nihc dengar pendapat dpr vs mentri agrari tata ruangkepala badan pertanahan nasional bpn bpk nusron wahid niat sekedar sandiwara penguasa menyampingkan proses keadilan hukum pidanannya rakyatlah korban penderita keadilan keras pemilik pemasang pagar laut perampasan tanah paksabrutal pembuat shgb shm aparatur bpn anggota dpr tindakan pidana terulang kesalahan tsb efek jerahnya pelaku bener nusron sarankan anggata dpr mentri tanggungtanggung dalan mengambil keputusan keras pelaku institusi pelaku 2,negative
52,2025-02-08,16:04:03,musashimono1106,aslinyabuzzer pake lgi,negative
53,2025-02-08,12:23:52,..,ass wan kawan tlg fi share grup grup wan kawan,neutral
54,2025-02-01,16:14:39,tonnysetya59,assalamualaikum,positive
55,2025-02-08,06:56:30,___ _   (___),assalamualaikum,positive
56,2025-02-16,18:52:10,___ _   (___),assalamualaikum,positive
57,2025-02-05,16:21:30,Abdul,assalamualaikum warahmatullahi wabarokatuh,neutral
58,2025-02-09,08:34:43,Surjanto,assalamualaikum wrwb,positive
59,2025-02-01,11:54:28,aahoy836,aturan ! pengecer gas elpiji 3 kg wajib daftar pangkalan berlaku 1 februari 2025,neutral
60,2025-02-04,12:30:24,aahoy836,aturan pemilik kartu telkomsel aktif 30,neutral
61,2025-02-06,23:00:09,aahoy836,aturan terbaru bi 2025,neutral
62,2025-02-08,16:45:23,aahoy836,aturan terbaru bi 2025,neutral
63,2025-02-06,11:32:04,aahoy836,aturan terbaru menikah 2025 simak !,neutral
64,2025-02-01,15:42:11,aahoy836,aturan terbaru pasangan menikah orang tua berlaku februari 2025,neutral
65,2025-02-06,22:28:10,aahoy836,aturan terbaru penggantian stnk bpkb kendaraan 2025 simak !,neutral
66,2025-02-06,09:37:27,Surjanto,awak media lsm pelalawan tantang kapolres pelalawan tangkap pelaku galian c desa bukit jaya kecamatan ukui,neutral
67,2025-02-06,22:32:57,UCHY PATOMPO,awas agent apartment vida v8ew makassar rimba link management jagonya naroktika pristitusi,neutral
68,2025-02-12,14:10:42,Niaga Lantabur,awas diklik berbahaya kick,negative
69,2025-02-13,22:22:11,Sri Rahayu,awas isu pengalihan pagar laut tenggelam sj ush ditanggapi,negative
70,2025-02-01,10:37:53,Surjanto,awas jokowie kudeta prabowo rakyat siaga penuh ! ! !,negative
71,2025-02-05,20:00:32,Surjanto,awasi ketat jenderal ! dpr sahkan uu bumn erick thohir ketua dewan pengawas danantara,neutral
72,2025-02-07,21:26:02,ahmadyani08,ayo ikuti polling,neutral
73,2025-02-03,14:04:29,Suhada,ayo temanteman dukung laguku mendengarkannya,neutral
74,2025-02-08,12:22:51,raharjototo590,b i l i n g a l e d i t i o n,neutral
75,2025-02-09,09:07:57,ismid manar53,bacalah tafsir al quran srt ali imran ayat 31 dibawah penuh keimanan,neutral
76,2025-02-08,21:02:33,H. Marlan,bahaya china barang selundupkan ekonomi indonesia ambruk,negative
77,2025-02-12,22:04:25,B@nk'iM@d's,bahaya laten hama coklat ! ! !,neutral
78,2025-02-09,13:11:19,SA Ir.Rey,bahil tenan,negative
79,2025-02-04,17:33:36,H. Marlan,bahlil dipanggil prabowo istana siang bahas gaduh gas lpg 3 kg ?,neutral
80,2025-02-05,20:06:33,Surjanto,bahlil gembosi wibawa presiden prabowo subianto kebijakan lpg 3 kg,neutral
81,2025-02-06,15:32:09,H. Marlan,bahlil khianati prabowo ? diperintah jokowi bikin langka gas ? pengalihan isu pagar laut dibahas ?,neutral
82,2025-02-10,18:21:22,OM GENG,bahlil maaf warga meninggal antrean gas lpg 3 kg,neutral
83,2025-02-08,21:16:50,H. Marlan,bahlil polemik kebijakan lpg 3 kg maaf rakyat,neutral
84,2025-02-15,10:36:26,OM GENG,baiknya omongan bpk,positive
85,2025-02-12,01:12:15,i MANS ulistiyo,bangganya ?,positive
86,2025-02-02,19:34:19,Asp Andy,bangkit kesulitan kemiskinan,negative
87,2025-02-06,16:48:40,Asp Andy,bangkit kesulitan kemiskinan,negative
88,2025-02-14,22:43:46,Munawari,bangsa pilihan tuhan pembunuhnya,negative
89,2025-02-09,17:25:45,H. Marlan,bangsa rakyat indonesia wajib membatalkan perjanjian apapun agen mata 2 inteljen komunis cina rrc pemalsu ijazah oey hong liong joko wei asing pengusaha komunis cina 9 cacing indonesia,neutral
90,2025-02-12,12:01:35,aahoy836,bank indonesia resmi mencabut uang rupiah 2025 tukar bank,neutral
91,2025-02-14,13:24:15,Bang Yusuf || Muhibbin,bank mandiri kunjungi ketua dprd spesialnya,neutral
92,2025-02-03,21:04:55,Surjanto,bantai kapolri biar tau umat islam takut mati takut kelaparan bro ! ! ! ? ? ?,negative
93,2025-02-14,19:03:02,H. Marlan,banten bergolak indonesia bergerak,neutral
94,2025-02-05,09:05:47,Surjanto,banten melawan aguan,neutral
95,2025-02-02,00:34:31,Davip Maldian,bareskrim selidiki polemik pagar laut beber dugaan pemalsuan sertifikat hgb tppu,neutral
96,2025-02-03,18:59:12,aahoy836,batas terbaru masuk sdsmasmk 2025,neutral
97,2025-02-01,10:16:48,Surjanto,bau korupsi pagar laut,negative
98,2025-02-04,22:36:42,Surjanto,bego buzzer balil halal darahnya,negative
99,2025-02-03,19:36:49,H. Marlan,beli orang cina,negative
100,2025-02-03,16:00:10,Aby Ceceng Erdin,bener biadab banget loh,negative
101,2025-02-02,01:20:33,Munawari,bener negara hukum jokodok taat hukum,positive
102,2025-02-16,09:11:34,Surjanto,berbahaya hukum rokok haram !,negative
103,2025-02-03,19:05:25,Asp Andy,berbuat baiklah kerusakan muka bumi,negative
104,2025-02-02,07:44:07,agen British propolis ( mbak Tiya),berdoa aktivitas,positive
105,2025-02-14,20:45:43,Surjanto,berharap prabowo 1 th hancur negeri serius bela rakyat 6 bln bertindak ! ! !,negative
106,2025-02-14,18:45:39,MOMO MAULANA AL TASIKI,berita ?,neutral
107,2025-02-14,08:39:35,Surjanto,berita mengejutkan orang !,negative
108,2025-02-01,16:46:27,Anton,bersalah kejar,negative
109,2025-02-15,23:14:14,aahoy836,bersiaplah ! pemerintah terapkan inovasi camat kepala desa seindonesia berbeda 2024 !,neutral
110,2025-02-11,16:03:30,Nur Guntoro Jatikusumo,besok free webinar menulis cepat ai,neutral
111,2025-02-14,19:25:16,aahoy836,bi umumkan pencabutan uang rupiah 2025 tukarkan,neutral
112,2025-02-06,16:43:21,okeb6782,biadhab iblish jahanam mal unun laknatullah wal malaikat wa nnasi ajmaiin,negative
113,2025-02-05,19:54:44,Pak Haji,bikin gaduhpecatttt beresss tangan jokowi,negative
114,2025-02-14,11:02:29,Bang Yusuf || Muhibbin,bikin haru ketua dprd sampang kejutan hut pimpin rapat paripurna,neutral
115,2025-02-16,02:11:23,OM GENG,bikin kaget aajjaahh,negative
116,2025-02-12,08:15:55,Satrio PAMBUKANING Projo,biodata abdul qohar direktur penyidikan jampidsus kejaksaan agung dirdik jampidsus,neutral
117,2025-02-10,09:04:40,Cantika Dewi,bismillah ready dijual aneka wedang herbal kesehatan wedang uwuh minuman raja 2 zaman nikmati keluarga manfaatnya menjaga imun tubuh mengurangi kolesterolasam urat menjaga kesehatandll 1 pack isi 10 sachetharga 40 ribu ongkir 1 pack 4 pack ongkir minat hub 08532563002 2,neutral
118,2025-02-03,10:52:06,Pujianto,bisnis modal murah mudah hasil melimpah,positive
119,2025-02-15,22:17:41,Kang TeJE,blm abis blm bagus mimpinnyaudah kmaruk presiden,negative
120,2025-02-16,15:42:21,Kang TeJE,bner brrti peduli rakyat nyafixs gperlu berharap kpemerintahapalagi kpresiden hidup rakyat indonesia,positive
121,2025-02-12,08:45:35,Alqud,bocor ! ! ancaman jkw prabowo menteri nyaternyata disiapkan,neutral
122,2025-02-04,14:09:18,Anton,boossampai antrian masyarakat membeli gas,neutral
123,2025-02-14,20:20:34,Surjanto,borgol hukum mati jokowi,negative
124,2025-02-12,13:42:07,aahoy836,bpjs kesehatan bank bca buka lowongan kerja lulusan d3 s1 jurusan,neutral
125,2025-02-07,11:53:06,aahoy836,bpjs kesehatan buka 14 posisi kerja,neutral
126,2025-02-15,17:01:09,aahoy836,bpkb elektronik 2025 hadir tampilan modern mudah diakses dicetak,positive
127,2025-02-01,19:08:28,Davip Maldian,bravo presiden prabowo,positive
128,2025-02-04,12:56:17,aahoy836,brigjen agus kakorlantas polri 2025 gantikan irjen aan suhanan,neutral
129,2025-02-16,11:52:20,H. Marlan,broo,positive
130,2025-02-13,12:13:17,aahoy836,buka lowongan kerja anak perusahaan bumn lamar 15 februari 2025 usia 35 berkesempatan,neutral
131,2025-02-09,19:38:56,Jeki Chan,buka tiktok menonton postingan al imamul mahdii postingan dibagikan via tiktok lite unduh tiktok lite menikmati postingan,neutral
132,2025-02-07,19:30:33,Jeki Chan,buka tiktok menonton postingan b e l postingan dibagikan via tiktok lite unduh tiktok lite menikmati postingan,neutral
133,2025-02-12,12:29:46,Jeki Chan,buka tiktok menonton postingan beritatiktok postingan dibagikan via tiktok lite unduh tiktok lite menikmati postingan,neutral
134,2025-02-12,08:17:47,Satrio PAMBUKANING Projo,buku judule,neutral
135,2025-02-01,11:04:26,Surjanto,bunyinya amunisi gudang amunisi tersembunyi brow,negative
136,2025-02-03,19:31:30,aahoy836,buruan lamar !,negative
137,2025-02-08,05:52:11,Helmy As'ad,burung nan berkicau,positive
138,2025-02-11,08:02:57,Affandy Ridwan,buya h nurhadi husein lc ma,neutral
139,2025-02-05,08:08:45,Affandy Ridwan,buya h zulkarnain umar bsc ma,neutral
140,2025-02-06,22:27:02,UCHY PATOMPO,by karyawan,neutral
141,2025-02-07,10:37:26,Wildan,cahaya dhuha,neutral
142,2025-02-12,11:52:22,Wildan,cahaya dhuha,neutral
143,2025-02-06,19:09:37,ixantc4@gmail.com,cakeeepp,positive
144,2025-02-08,16:08:04,Didik Supriadi,cegah pmk polres loteng bantu edukasi peternak,neutral
145,2025-02-16,09:42:53,Surjanto,ceramah habib hanif alathas kuningan jabar acara ditolak pengikut mama ghufron,neutral
146,2025-02-10,14:18:50,Davip Maldian,cerita jokowi megawati cerita malin kundang minangkabau,neutral
147,2025-02-14,18:55:14,Munawari,cina bentak berkutik,negative
148,2025-02-04,11:17:31,H. Marlan,cina iblis menguasai gas elpigi bangsa 2 dijajah cina kafir komunis wajib jihad usir cina negara,negative
149,2025-02-06,09:46:43,Surjanto,cina menguasainya indonesia pesisir sluruh pantai skarang terbuktidan menguasai pusat kota kota jakarta apartemen perumahan 2 isi cina,neutral
150,2025-02-04,16:07:18,Sri Rahayu,cina penjajah pemilik ny,negative
151,2025-02-12,00:02:39,i MANS ulistiyo,ciptaan 58,neutral
152,2025-02-06,22:33:10,UCHY PATOMPO,ciputra group,neutral
153,2025-02-13,21:50:46,oneisyafei75,claim bonus 100k,neutral
154,2025-02-07,21:13:21,Davip Maldian,coba hitung kk dikasih 2 juta duitnya,neutral
155,2025-02-06,13:24:51,Helmy As'ad,coba renungkan alquran surat arrad ayat 11 berbunyi,neutral
156,2025-02-16,17:25:20,Helmy As'ad,contohnya oligarki diamdiam action membunuh uu kpk 2002 helmy yahya helmy akuntan ndeso,neutral
157,2025-02-12,09:15:03,Supriyadi,copas,negative
158,2025-02-08,23:12:13,H. Marlan,coretan adili jokowi merata kota mulyono stres berat,negative
159,2025-02-01,19:06:52,aahoy836,daftar 30 sekolah kedinasan langsung pns dibuka mei 2025,neutral
160,2025-02-04,16:18:01,aahoy836,daftar 30 sekolah kedinasan langsung pns dibuka mei 2025 cek persyaratannya !,neutral
161,2025-02-01,13:25:20,aahoy836,daftar 7 dokumen tanah berlaku 2026 urus shm terlambat,neutral
162,2025-02-13,13:20:59,aahoy836,daftar kelompok berhak sertifikat tanah gratis ptsl 2025,neutral
163,2025-02-14,13:40:52,aahoy836,daftar pangkalan resmi gas lpg 3 kg warung,neutral
164,2025-02-14,20:46:09,dadan,daftarnya ?,neutral
165,2025-02-03,21:08:46,Surjanto,dagelan politik,negative
166,2025-02-06,16:33:02,Davip Maldian,dasco buka suara isu reshuffle kabinet prabowo,neutral
167,2025-02-05,17:20:52,H. Marlan,dasco vs bahlil skenario kudeta mulyono beban prabowo syahganda,neutral
168,2025-02-10,21:50:18,aahoy836,dear ketua rtrw,neutral
169,2025-02-13,16:26:22,aahoy836,dear pelanggan telkomsel seindonesia info bermanfaat,neutral
170,2025-02-01,18:05:23,aahoy836,dear pengurus osis smpsma indonesia kejutan spesial pemerintah simak informasinya !,neutral
171,2025-02-08,21:02:34,H. Marlan,demonstrasi adili jokowi marak daerah 2,neutral
172,2025-02-05,11:13:27,ismid manar53,dengarkan simaklah 2 pernyataan sikap nelayan kholid panglima masyarakat banten berani takut gentar menghadapi ancanan oligarki pengkhianat 2 menjual pantai laut berani bongkar pagar laut daerah pantai tanggerang pantai nkri ! !,negative
173,2025-02-09,00:51:18,Davip Maldian,desakan pemerintah presiden ruu perampasan aset disyahkan uu,neutral
174,2025-02-05,20:00:07,Surjanto,diamuk massa ! bahlil disemprot warga sidak pangkalan gas tangerang pakai logika bikin susah !,neutral
175,2025-02-03,08:43:28,Surjanto,dibiarin ! nusron bongkar akalakalan pengusaha sawit serobot lahan negara 194 perusahaan sawit babat hutan 1 juta ha ilegal !,negative
176,2025-02-07,08:39:59,www.asyifaherbalcenter.com,dicari ! orang tua asuh membahagiakan santri santriyah penghafal quran,neutral
177,2025-02-03,08:16:48,Suparno ESEMJE,dipecat hormat dihukum berat atasannya terlibat,negative
178,2025-02-09,00:51:17,Davip Maldian,diragukan,negative
179,2025-02-13,23:04:23,OM GENG,diskriminasi rs medistra jakarta melarang dokter pegawai rumah sakit ber hijab ? ? ?,negative
180,2025-02-05,19:29:59,Davip Maldian,diskusi aniessaid didu oligarki banjir dukungan warganet merdeka !,neutral
181,2025-02-02,17:09:49,~,ditangkap mulyono,neutral
182,2025-02-04,21:15:32,aahoy836,dokumen tanah wajib diubah shm cek jenisnya,neutral
183,2025-02-14,08:14:49,Surjanto,dosa dibalut kasih sayang,negative
184,2025-02-08,13:33:19,Bang Yusuf || Muhibbin,dpp ormas gaib inspektorat sampang audit proyek bermasalah,neutral
185,2025-02-13,18:00:40,Bang Yusuf || Muhibbin,dprd sampang gelar paripurna penetapan bupatiwakil bupati terpilih,neutral
186,2025-02-01,20:05:55,aahoy836,dukcapil ! ktp digital 2025 langsung hp,neutral
187,2025-02-06,20:12:25,Davip Maldian,dukun politik,negative
188,2025-02-14,10:22:40,Davip Maldian,dukun politik,negative
189,2025-02-07,00:13:15,Davip Maldian,dukun politik penasehat politik peramal,neutral
190,2025-02-13,19:09:19,Munawari,dungu dak tau malu,negative
191,2025-02-02,01:42:25,raharjototo590,e d i s i b a h a s a i n d o n e s i a bersambung,neutral
192,2025-02-01,13:21:00,B@nk'iM@d's,eksekusi tanah sengketa tambun selatan rumahrumah warga cluster setia mekar residence 2,neutral
193,2025-02-11,10:37:59,OM GENG,enak 2 ontel bom,positive
194,2025-02-07,18:13:42,OM GENG,endingx emak 2 sen kanan belok kiri,neutral
195,2025-02-16,15:59:19,Kang TeJE,eneg dengernya udah pngen muntah,negative
196,2025-02-02,02:31:31,Davip Maldian,fakta mengungkap kebenaran tegaknya hukum keadilan melawan oligarki menjaga kedaulatan nkri,neutral
197,2025-02-07,02:42:36,Surjanto,faktafakta lokasi buktikan ceritacerita penjelasan masyarakat presiden prabowo subianto tindakantindakan cepat keras pihakpihak terlibat pemilik pemasang pagar laut desa keramat kecamatan pakuaji desa desa masyarakat nelayan resah terganggu kehidupan hariharinya tau berbuat mempertahankan tanahtanah sumber mata pencariannya cepat terstruktur masif bantuan aparatur daerah aparat semoga allah taala senantiasa pertolongan bimbingan kekuatankesehatan presiden prabowo subianto menjalankan amanah rakyat pribumi asli indonesia,neutral
198,2025-02-16,09:40:27,Surjanto,firdaus oiwobo ngaku gunung parung luasnya 4 ribu hektare,neutral
199,2025-02-12,17:17:39,yusri,fitrahnya agama yesus isa almasih agama islam,neutral
200,2025-02-10,23:19:15,Davip Maldian,full aliansi rakyat bergerak jokowi 100 dilahirkan pdip oligarki masyarakat tau !,negative
201,2025-02-11,14:35:58,Coway,gabung chat grup trading kripto btcusdt menghasilkan profit konsisten jam 1300 1930 wib,neutral
202,2025-02-09,08:28:30,Surjanto,gabungan jawarajawara banten memburu premanpreman pk 2 wajah wajahnya dikenali klik,neutral
203,2025-02-04,13:23:19,aahoy836,gaji ketua rtrw 2025,neutral
204,2025-02-03,09:08:59,Surjanto,gak ? dedi mulyadi petani menangis pupuk ! masyarakat !,negative
205,2025-02-09,11:21:46,Davip Maldian,gak terkejut,positive
206,2025-02-03,11:14:05,Alqud,ganas belanda penjajahan gaya pik 2 banten,negative
207,2025-02-10,08:59:51,Davip Maldian,ganefri eksekusi saran pengadilan kampus stih padang stisip padang dirobohkan,neutral
208,2025-02-11,09:13:20,Zaki BjR,garong terang 2an,negative
209,2025-02-04,18:05:20,Dessy,gas elpiji hilang bensin shell menghilang,neutral
210,2025-02-13,23:36:46,Kanu Ragan,gas pol,neutral
211,2025-02-02,18:47:41,Zaki BjR,gerah klau berbohong,negative
212,2025-02-04,18:05:37,Dessy,gerangan,negative
213,2025-02-13,22:43:06,OM GENG,gereja 2 inggris bnyk tinggal jemaatnya jadikan masjid,neutral
214,2025-02-08,09:36:36,H. Marlan,gibran was was ! ! dimakzulkan dialami wapres filipina,neutral
215,2025-02-14,16:42:04,M. A. Ungggul B. M. I,gilee ps 08 bikin presiden erdogan bernyanyi menjelang makan siang istana bogor kemaren,positive
216,2025-02-15,18:36:48,H. Marlan,gimana sdah harapkandari wowo,negative
217,2025-02-14,10:18:04,Kang TeJE,gmau melawan melukai guru nyalebih melukai memboongi rakyat,negative
218,2025-02-04,09:31:38,Munawari,grup tele undercover,neutral
219,2025-02-16,18:58:08,Munawari,gue seneng bunuh wowo jokodok,positive
220,2025-02-12,19:34:25,Surjanto,gugatan pilkada mk,neutral
221,2025-02-08,01:15:34,OM GENG,guru ipb dilaporkan polisi gr2 hitung uang korupsi,negative
222,2025-02-15,08:26:27,Dwi Sunarsitin,hadiah hamba istimewa,positive
223,2025-02-02,11:31:42,Suhada,halo teman teman,neutral
224,2025-02-10,13:07:48,aahoy836,harga gas elpiji 3 kg 55 kg 12 kg resmi ditetapkan daerah,neutral
225,2025-02-12,01:06:19,i MANS ulistiyo,hasil curang 58akn ribut trus situasi konoha,negative
226,2025-02-08,18:05:04,,hasilkan income rumah jago jualan pemula !,positive
227,2025-02-01,01:12:54,OM GENG,hati 2 situasi krisis bnyk penipuan ternsuk jual beli online,negative
228,2025-02-04,18:21:49,musashimono1106,hebatnya pemerintah sekaranguntuk menutupi pagar lautgas dibikin susahbiar masyarakat fokus pagar lautpengalihanisu,negative
229,2025-02-12,16:38:32,i MANS ulistiyo,hebatnyawajar bangsa tua umurnya,negative
230,2025-02-16,18:01:46,H. Marlan,hidup jokowi,positive
231,2025-02-15,13:36:50,Wildan,hikmah dhuha,positive
232,2025-02-10,22:26:59,Wildan,hikmah malam,positive
233,2025-02-15,01:42:52,Wildan,hikmah malam,positive
234,2025-02-15,18:57:46,Wildan,hikmah petang,positive
235,2025-02-10,14:42:37,Wildan,hikmah siang,positive
236,2025-02-11,19:49:28,Wildan,hikmah sore,positive
237,2025-02-13,19:08:32,Wildan,hikmah sore,positive
238,2025-02-09,09:01:31,Surjanto,hilang makhluk menjijik an takut mati kelaparan karungi ! ! !,negative
239,2025-02-13,13:58:23,aahoy836,himbauan orangtua siswa sd smp smasederajat silahkan cek nama anakmu,neutral
240,2025-02-04,11:29:10,aahoy836,himbauan pemilik kendaraan,neutral
241,2025-02-03,15:42:48,Aby Ceceng Erdin,hubungannya mulyono udah lengser ? hrs ngamuk ?,negative
242,2025-02-07,03:28:03,Munawari,idiot fufufafa masuk kubur,negative
243,2025-02-11,13:30:46,Kang TeJE,ikn,positive
244,2025-02-15,18:41:48,Surjanto,ikuti video slesai ! swear kerreen banget solutif kaum intelektual kampus aktivis perubahan pemerintah wakil rakyat isak kasi solusi genial aplikatif brtyas handoko,neutral
245,2025-02-12,16:35:23,i MANS ulistiyo,indah nyamannya negara islam,positive
246,2025-02-07,18:30:27,OM GENG,india jualan emang kemproh orangnya,negative
247,2025-02-12,00:03:55,i MANS ulistiyo,individu cerdasbnyak pengalaman,positive
248,2025-02-06,14:09:01,aahoy836,indofood fortuna makmur buka 9 lowongan kerja daftar 1 april 2025,neutral
249,2025-02-10,05:10:58,Surjanto,indonesia mewaspadai daerahnya 2 caplok cina 2 sipit kafir komunis penjajah ! ! !,negative
250,2025-02-16,21:27:16,Fitri Refa,indonesia tenggelam,negative
251,2025-02-03,08:44:26,Surjanto,industri wajib beli petani ! impor singkong dilarang izin kementan harga minimal rp1350 kg,neutral
252,2025-02-06,13:35:28,aahoy836,info !,neutral
253,2025-02-03,17:21:52,aahoy836,info terbaru pemilik rekening cimb niaga permata bca bni bri mandiri !,neutral
254,2025-02-14,18:57:24,aahoy836,informasi penerima kip kuliah seindonesia mohon didengarkan,neutral
255,2025-02-09,08:25:04,Surjanto,informasi siaran pers,neutral
256,2025-02-10,22:03:26,H. Marlan,injakinjak meja razman bikin onar ruang sidang firdaus resmi dipecat kai sk dicabut,neutral
257,2025-02-10,19:58:03,aahoy836,inovasi !,positive
258,2025-02-14,02:03:14,OM GENG,inspirasi malam,positive
259,2025-02-13,07:14:55,Surjanto,institusi polri sorotan rakyat indonesia,neutral
260,2025-02-06,10:52:43,Andi Sam,investigasi tempo jokowi prabowo ganti kapolri ! !,neutral
261,2025-02-03,09:08:59,Surjanto,jabar milik perorangan ! dedi mulyadi tambang ilegal jawa barat ditutup !,neutral
262,2025-02-01,08:15:54,Drg Nurbaedah,jadwal sholat jakarta,neutral
263,2025-02-02,16:45:49,SUDJANA,jagalah sholat subuhmu kesehatan meraih rezeki,positive
264,2025-02-03,11:14:10,Alqud,james riady is the real,neutral
265,2025-02-16,13:49:56,H. Marlan,jngn berharap ps bnyk wkt zaman orba ?,negative
266,2025-02-15,21:58:47,OM GENG,jngn hp berjalan berhenti sebentar,neutral
267,2025-02-14,00:12:14,Surjanto,joko widodo nadien makarim berhasil menghancurkan sistem pendidokan nasional,neutral
268,2025-02-14,09:31:58,H. Marlan,jokowi berencana bikin partai bocoran namanya !,neutral
269,2025-02-16,18:55:17,H. Marlan,jokowi bikin hancur prabowo melanjutkan,negative
270,2025-02-12,19:46:44,H. Marlan,jokowi menjual kedaulatan negara g dihukum mati suangat membahayakan kedaulatan bangsa negara bener bener bubar negri jokowi dihukum mati berubah nkri versi jokowi n oligarki negara komunis republik indonecina,negative
271,2025-02-01,14:43:07,P. Bibit,jokowi presiden,positive
272,2025-02-03,09:00:03,Surjanto,jongos buzzer penjual negara halal darahnya,positive
273,2025-02-02,19:33:43,H. Marlan,jongos oligarki semangat lakukan kejahatan lesu lawan kezaliman ?,negative
274,2025-02-13,21:51:37,Asp Andy,jual kebun,positive
275,2025-02-16,10:23:53,Asp Andy,jual murah kebun buah buahan jambu kristal jeruk duren musang king alpukat,positive
276,2025-02-05,09:03:29,Surjanto,jutaan rakyat msh dibikin sengsara bgmn kabinet bowo ? ? ! ! !,negative
277,2025-02-03,12:01:59,aahoy836,kabar ! unhan buka pendaftaran lulusan smasmk 128 februari 2025,neutral
278,2025-02-06,08:15:30,OM GENG,kabar buruk ambil hikmahnya,negative
279,2025-02-12,19:14:38,Surjanto,kabar malam,neutral
280,2025-02-07,07:04:07,H. Marlan,kabar terkini jumat 7 feb 2025,neutral
281,2025-02-15,21:50:56,Herman Pjt,kadang sekenario politik nm cantik maenbrantas koruppecat pejabat korup,negative
282,2025-02-13,23:22:20,H. Marlan,kades kohod akui palsukan dokumen aguan mengelak pagar laut pik 2 kriminal,neutral
283,2025-02-13,11:31:31,Bang Yusuf || Muhibbin,kado bank sampang raih predikat the best infobank,neutral
284,2025-02-07,05:32:56,Sri Rahayu,kaleng berbunyi kosong isinya,negative
285,2025-02-01,06:12:08,ismid manar53,kaligrafi tsb diatas tandatanda kebesarannya tuhan maha kuasa kerajaannya meliputi 7 lapis langit 7 lapis bumi ! !,positive
286,2025-02-09,08:14:16,Rahman Alkadzim,kantor arsip humas kementerian atr bpn kebakaran upaya penyelamatan mafia tanah darat dilaut ?,neutral
287,2025-02-09,22:58:52,H. Marlan,kantor menteri atrbpn dibakar ? khozinudin operasi penyelamatan aguan anthony salim,neutral
288,2025-02-10,17:22:48,aahoy836,kantor pajak keluarkan himbauan pemilik npwp kesempatan 31 maret 2025,neutral
289,2025-02-15,00:16:55,Munawari,kapal induk raksasa korup,negative
290,2025-02-06,17:37:41,Davip Maldian,kapolri prabowo keras segan tindak aparat membelot negara rakyat,negative
291,2025-02-03,21:07:38,Surjanto,kau rasis radikal toleransi senjata kaum komunis memutar balikan fakta kelakuan lakukan ! ! !,negative
292,2025-02-12,19:27:09,Surjanto,kawal persidangan pagar laut 2 minggu,neutral
293,2025-02-11,22:20:01,H. Marlan,kayak ngak orang pintar tni polri ngerti pertahanan ngabisin uang rakyat,negative
294,2025-02-04,13:22:47,OM GENG,kayu bakar bakar ksih kebijakan botol bodoh tolol,negative
295,2025-02-10,21:03:59,Satrio PAMBUKANING Projo,kbr 2,neutral
296,2025-02-02,15:59:00,Munawari,kebakaran los angeles padam sebulan 30 tewas kerugian rp4481 triliun,neutral
297,2025-02-04,15:54:24,musashimono1106,kebanyakan makan sate cecurut,negative
298,2025-02-14,23:08:24,OM GENG,kebiadaban lakukan israel,negative
299,2025-02-03,21:29:05,Surjanto,kebusukan pik 2 aguan anthoni salim jokowie terkuak rakyat intimidasi preman 2 aparat ternakan mulyono ! ?,negative
300,2025-02-07,01:07:07,Munawari,keder,negative
301,2025-02-03,01:41:11,OM GENG,kegiatan muslimah gaza masjid tenda,neutral
302,2025-02-15,17:58:02,Junaidi Kasim,kegunaanya mencium patung naga burung garu da masuk akalkrn lambang negara patung nagabenar 2 negara negara konoha,positive
303,2025-02-10,18:48:26,OM GENG,kehidupan pelaut,negative
304,2025-02-14,13:13:02,aahoy836,kehilangan uang 14 aplikasi terbukti kuras rekening,neutral
305,2025-02-15,22:16:49,Didedoank,kejadian,negative
306,2025-02-09,08:41:43,Surjanto,kejahatan lingkungan proyek pik 2 psn pelanggaran amdal dampaknya,negative
307,2025-02-05,13:57:08,B@nk'iM@d's,kejar target biar cungkring tanda tangani,negative
308,2025-02-01,10:40:21,Surjanto,kekacauan tanah,negative
309,2025-02-14,22:42:41,OM GENG,kekejian israel,negative
310,2025-02-15,10:36:15,Burhand,kelakuan parcok v i r a l a n biar kapolri lihat kelakuan bawahannya,negative
311,2025-02-08,11:46:15,Aby Ceceng Erdin,kemarin memperpanjang synk mobil blm aturan tetep,neutral
312,2025-02-12,01:03:33,i MANS ulistiyo,kembalian pajak diserahkanseribulima ribu x kn ratusan mengantongi 200 ribu sehari,neutral
313,2025-02-05,19:26:55,aahoy836,kemendes pdt terbitkan kebijakan 2025 kepala desa seindonesia taat,neutral
314,2025-02-14,18:27:44,aahoy836,kementerian atrbpn buka lapangan kerja 19 februari 2025,neutral
315,2025-02-15,13:26:03,aahoy836,kementerian atrbpn buka lapangan kerja 19 februari 2025 posisinya,neutral
316,2025-02-12,12:29:23,aahoy836,kementerian atrbpn keluarkan himbauan pemilik sertifikat tanah versi lamafisik indonesia,neutral
317,2025-02-05,12:53:32,aahoy836,kementerian keuangan ri buka lowongan kerja 9 februari 2025,neutral
318,2025-02-08,11:14:22,aahoy836,kemudahan !,positive
319,2025-02-11,13:34:29,Asp Andy,kepemimpinan global persamaan persaudaraan kemanusiaan perdamaian,neutral
320,2025-02-10,22:20:17,aahoy836,kepolisian turun lapangan,neutral
321,2025-02-01,19:08:24,Davip Maldian,keras prabowo ingatkan bintangbintang pundak jenderal singgung tni polisi gagal,neutral
322,2025-02-04,17:42:11,Dessy,kerjaannya bahlul orang jokowi hrs dipecat layak era prabowo,negative
323,2025-02-04,21:04:34,Ian,khawatir fokus fikirkanlah nasib rakyat banten dirampas tanahnya pik 2 milik aguan anthoni salim,negative
324,2025-02-01,07:28:37,OM GENG,khusus umat islam berakal sehat bersikap dewasa,neutral
325,2025-02-16,19:47:26,OM GENG,kisah kucing tinggal sahabatnya,neutral
326,2025-02-09,01:48:16,Nur,kkaq,positive
327,2025-02-13,20:06:02,Didik Supriadi,klb gerindra pengurus dpd indonesia sepakat prabowo subianto formatur tunggal,neutral
328,2025-02-01,13:18:23,Ustadz AYA,klik link artikel,neutral
329,2025-02-02,22:36:05,yusri,komen nkri undang undang dihukum mati penghianat negeri baikpun pembelanya baikpun jaksanya dihukum mati berubah nkri kitamerdeka,negative
330,2025-02-10,20:00:24,"Cahyadi, SH RFP",konoha penghianat nyakayanya gak berani rakyatnya,negative
331,2025-02-10,19:35:17,OM GENG,konsisten latihan menerus,positive
332,2025-02-01,16:53:11,Davip Maldian,kontradiksi presiden pprabowo,neutral
333,2025-02-12,19:04:19,Surjanto,kontrol tensimu,positive
334,2025-02-05,21:22:57,OM GENG,konvoi gas kilo,neutral
335,2025-02-03,09:27:16,Surjanto,koplak,negative
336,2025-02-15,15:48:55,musashimono1106,korbankok yakan mengorbankan warganya,negative
337,2025-02-07,21:25:14,aahoy836,korlantas polri umumkan aturan maret 2025 wajib miliki buku kendaraan,neutral
338,2025-02-03,09:23:54,Surjanto,koruptor wajib ditangkap diadili,negative
339,2025-02-12,20:56:58,OM GENG,kota indonesia indomart alfa mart,neutral
340,2025-02-03,15:27:38,hitam putih,kotak suara pake kardus gembok gayanya serba internet,neutral
341,2025-02-03,18:26:17,aahoy836,ktp digital 2025 langsung hp simak,neutral
342,2025-02-12,16:44:29,Asp Andy,kumpulan mekanik senior,neutral
343,2025-02-15,01:05:30,OM GENG,kumpulkan donasi palestina tembus rp13 miliar !,neutral
344,2025-02-04,06:35:58,ADE EVANA,ky jaman ngantri minyak tanah skrng ngantri gas rasain milih pemerintah skrng rakyat susah,negative
345,2025-02-05,23:25:06,Davip Maldian,lagu oligarki kkn,negative
346,2025-02-06,17:37:44,Davip Maldian,lagu tni,neutral
347,2025-02-10,11:30:48,aahoy836,lamar !,negative
348,2025-02-05,22:37:58,Munawari,langit gunung belom dijual,negative
349,2025-02-04,16:24:55,AHS,langka elpiji,negative
350,2025-02-04,15:46:21,M. A. Ungggul B. M. I,langkanya gas melon sbg pengalihan psn pik 2 aguan,neutral
351,2025-02-13,12:40:39,aahoy836,langsung diterima !,positive
352,2025-02-16,09:43:47,Surjanto,laskar imad begal nasab bubar sembunyi kantor polisi takut dikepruki warga kuningan laskar fpi,negative
353,2025-02-03,05:46:38,H. Marlan,laut ditemukan hgu kawasan hutan bukti oligarki menguasai tanah negeri,neutral
354,2025-02-13,12:33:36,Anton,lawan jolim,negative
355,2025-02-08,13:32:26,Didedoank,lawan musuhyg salah,negative
356,2025-02-09,08:25:37,Surjanto,lengkaplah kebobrokan hukum negeri jahanam biadab laknat ! ! !,negative
357,2025-02-09,16:03:31,H. Marlan,likescribe share,neutral
358,2025-02-02,17:41:23,Davip Maldian,live nenek awe 2 warga rempang tersangka menolak proyek strategis nasional,neutral
359,2025-02-16,08:13:09,Affandy Ridwan,live streaming,neutral
360,2025-02-14,08:09:49,Surjanto,loh impor jenderal ? ri impor gula 200 ribu ton cadangan pangan,neutral
361,2025-02-06,11:18:51,Ramli Putra,lokasi,neutral
362,2025-02-03,17:59:08,aahoy836,loker ! tersedia 84 posisi s1 jurusan persyaratannya !,neutral
363,2025-02-07,11:28:39,aahoy836,lowongan kerja berpengalaman 13 fresh graduate lamaran dibuka 20 februari 2025,neutral
364,2025-02-01,23:50:49,aahoy836,lowongan kerja februarimaret 2025,neutral
365,2025-02-10,23:14:14,aahoy836,lowongan kerja sarjana,neutral
366,2025-02-14,12:25:02,aahoy836,lowongan kerja terbuka !,neutral
367,2025-02-04,19:46:34,aahoy836,lowongan terbaru !,neutral
368,2025-02-05,20:12:21,Munawari,luasnya daratan cina ubah gurun pasir las vegas goblok nemen uteke,negative
369,2025-02-04,09:44:05,M. A. Ungggul B. M. I,lucuuuuuu negeri mu lucuuuuu ! !,positive
370,2025-02-09,08:34:12,Surjanto,luhut hendro mega jokowi penyebab kehancuran bangsaku,neutral
371,2025-02-09,21:08:10,H. Marlan,luhut rp 500 triliun anggaran bansos separuh tangan berhak ?,neutral
372,2025-02-01,16:49:48,aahoy836,lulusan smksma dibutuhkan bank bsi penempatannya,neutral
373,2025-02-03,08:10:45,Suparno ESEMJE,mafia hukum narkoba korupsi perkacungan merajalela,negative
374,2025-02-09,11:43:36,Anton,main tendang 2,negative
375,2025-02-15,19:20:48,SUDJANA,makan menjaga kesehatan,positive
376,2025-02-16,13:49:53,H. Marlan,maksudnya cita 2 ps terlaksana presiden,positive
377,2025-02-01,03:08:09,OM GENG,mall terbaru milik umat islam,positive
378,2025-02-03,14:09:14,Junaidi Kasim,mampus negara antek 2 zionis yahudi laknatulla h smg allah swt menuru nkan bencana bg negara 2 memusuhi umat islam,negative
379,2025-02-07,16:56:51,SUDJANA,manfaat kelapa hijau,positive
380,2025-02-07,19:37:57,aahoy836,manfaatkan pemutihan pajak 3 maret 2025,neutral
381,2025-02-04,23:40:44,Surjanto,mang oyo,positive
382,2025-02-05,09:41:18,Surjanto,mantan mentri agraria tata ruangkepala badan pertanahan nasional hadi cahyanto proyek raksasa kumis tebal perampasan tanah tanah rakyat paksa bantuan aparataparat desa jajarannya budakbudak pengembang proyek pik 2 mengaku pemasangan pagar laut penerbitan shgb shm era kepemimpinannya wakilnya antoni jajuli partai psi jokjok akal eluh anak buah luh ikutan garong harta kekayaan negara dasar penghianat begundel sial dangkalan,negative
383,2025-02-07,19:02:41,OM GENG,manusia vs robocop,negative
384,2025-02-12,23:01:07,Surjanto,marah y mendumung cina 2 sipit kafir komunis mendirikan indocina warisan anak cucu kedepan ! ! !,negative
385,2025-02-14,11:01:03,"Cahyadi, SH RFP",masuk p eko,neutral
386,2025-02-01,23:35:30,Supriyadi,masya allah allahu akbar,positive
387,2025-02-12,08:17:49,Satrio PAMBUKANING Projo,masyarakat luas pesimis kpk mandul menghadapi pidsus kejagung jawabannya menelusuri menunggu laporan masy percaya duga kohar andai uang aman aman era apapun tingkahnya pejabat uang fantastis aman terkendali uang duga genk masak sesana jeruk minum jeruk aman membuktikan percaya,negative
388,2025-02-11,03:09:31,Barmawi.ar ___,masyarakat menjempit paksa kediamannya tangkap adili,negative
389,2025-02-07,05:35:39,Sri Rahayu,matanya sipit tengok tu wercok,negative
390,2025-02-16,12:26:50,Alqud,mbg makan bergizi gratis,positive
391,2025-02-13,22:10:25,Sri Rahayu,melawan ketidakadilan melawan penjajah cina hrs digaungkan,negative
392,2025-02-07,18:20:30,OM GENG,melayani ikhlas,positive
393,2025-02-13,18:38:09,H. Marlan,memanfaatkan kebodohan ummat,negative
394,2025-02-13,11:39:33,Mia Rahmawati,memangnya rumahmobilatau motor dicicil sapi,neutral
395,2025-02-06,11:58:48,dadan,membahayakan prabowo,negative
396,2025-02-01,15:05:37,Mia Rahmawati,membutuhkan,negative
397,2025-02-03,11:53:14,Surjanto,menciptakan gangster indonesia cina,negative
398,2025-02-11,20:03:43,Munawari,mencla mencle gak gabung ijazah palsu menang keok this message was edited,negative
399,2025-02-16,09:12:16,ismid manar53,mengaku umat beriman tyme allah alloh swt dengarkan simaklah 2 pidato presiden usa donald trump menjadikan ghaza timur neraka lautan api los angeles ! ! ! ?,neutral
400,2025-02-09,16:12:04,H. Marlan,mengerikan garong uang rakyat dana csr bi mengalir komisi xi dpr,negative
401,2025-02-10,14:25:11,Asp Andy,mengunjungi melayani,positive
402,2025-02-06,14:13:39,adam firdaus,menimbang keuntungan kerugian psn pik 2,neutral
403,2025-02-02,22:35:50,Davip Maldian,menindas rakyat menjajah rakyat,negative
404,2025-02-03,12:10:26,Dessy,menitipkan bicaranya berubah gaya dasar pengkhianat,negative
405,2025-02-07,09:55:31,yusri,menteri era goblok goblok fungsi tujuan bernegara ngk paham dikerjain ngk ngk,negative
406,2025-02-12,08:45:28,Alqud,menteri esdm bahlil peraturan kontroversi umkm membeli gas elpiji 3 kg izin usaha,neutral
407,2025-02-09,20:48:29,H. Marlan,menteri sekretaris negara mensesneg prasetyo hadi buka suara isu reshuffle kabinet merah putih mencuat isu berkembang presiden prabowo subianto menindak menteri bandel patuh,neutral
408,2025-02-12,17:11:35,Surjanto,menteri tito karnavian lantik 2 jenderal polisi kemendagri total 4 perwira polri kementrian negeri,neutral
409,2025-02-13,18:56:56,OM GENG,menyembuhkan saraf kejepit,positive
410,2025-02-16,19:13:39,OM GENG,mesin potong rumputnya robot pakai sensor,neutral
411,2025-02-12,13:13:07,aahoy836,metode pendaftaran bansos lansia 2025,neutral
412,2025-02-06,21:20:33,aahoy836,metode tilang 2025,neutral
413,2025-02-08,16:20:02,aahoy836,metode tilang 2025,neutral
414,2025-02-16,17:59:45,Didik Supriadi,mha phri kompak prabowo tinjau ulang pemangkasan anggaran perjalanan dinas,neutral
415,2025-02-16,17:59:47,Didik Supriadi,mha phri kompak prabowo tinjau ulang pemangkasan anggaran perjalanan dinas,neutral
416,2025-02-01,11:24:55,musashimono1106,minuman ringan murah beredar diwarung kampung bpom menguji kelayakan minuman berkala random,neutral
417,2025-02-12,22:22:57,H. Marlan,miris ! ! prabowo pisahkan jokowi prabowo bonekanya jokowi,negative
418,2025-02-02,10:19:28,H. Marlan,miris ironis ! ! ! advokat ahmad khozinudin bela rakyat banten dipersekusi,negative
419,2025-02-12,14:05:30,H. Marlan,mitosmitos prabowo berdalih strategi dibenarkan ?,neutral
420,2025-02-05,23:50:55,Bang Yusuf || Muhibbin,mk tolak gugatan mandat jadwal pelantikan jimad sakteh,neutral
421,2025-02-06,17:10:09,Surjanto,mmg bener rau wajahnya cino nyasatu muldoko tu cino tetangganya msh crt medsoshancur kelicikan cino pribumi mudah disogok ktnya diajak kerjasama tipu muslihat cinodulu mualaf cino bernama syaifudin el islami ceramahnya ktnya percaya kt2 manis cina bkn islamkrn cino kafir menjlnkan tau halal haramsmua dihantam cina islam mk tau,negative
422,2025-02-07,19:09:13,OM GENG,mobil balap terbang pengemudinya handal,positive
423,2025-02-08,21:26:31,aahoy836,model ijazah 2025,neutral
424,2025-02-10,21:03:53,Satrio PAMBUKANING Projo,modus operandi kepala dinas pupr tim ppk melibatkan barjad kong kalikong proyek laporan progres dianggap selesai 100 bayar komplet proses tender atur kelebihan bayar kontraktor,neutral
425,2025-02-03,08:54:08,Sujarto,mohon lanjutkn putus blm mengena,neutral
426,2025-02-11,11:54:00,OM GENG,motivasi hr pagi,neutral
427,2025-02-02,02:31:28,Davip Maldian,muannas alaidid isu pagar laut dipolitisasi pendukung anies said didu,neutral
428,2025-02-14,04:53:01,P. Bibit,mubazzier temannya jokowi,neutral
429,2025-02-15,18:48:09,aahoy836,mudah cepat ! perpanjangan stnk 5 tahunan kantor samsat !,neutral
430,2025-02-05,19:00:23,aahoy836,mudah gratis ! pengecer sub pangkalan lpg 3 kg indonesia,neutral
431,2025-02-11,20:03:41,H. Marlan,mulyono joko dog berusaha cuci tangan melarikan mangkrak hancurnya proyek ikn,neutral
432,2025-02-09,08:31:56,Surjanto,mulyono mulyono,neutral
433,2025-02-15,11:55:09,aahoy836,mum buka loker 28 februari 2025 posisinya,neutral
434,2025-02-06,13:24:52,Helmy As'ad,nama arrad guruh petir bahasa arab,neutral
435,2025-02-01,22:08:24,Sri Rahayu,namanya keberlanjutan y lh program ny jokoplak,neutral
436,2025-02-12,20:24:01,Kang TeJE,namanya tukang obat,negative
437,2025-02-08,11:16:49,Davip Maldian,nasehat dukun politik,negative
438,2025-02-10,16:22:11,Didik Supriadi,nekad melawan pencuri motor tewas gebuk,negative
439,2025-02-14,22:23:12,OM GENG,nenek kaya hidupnya bersahaja,positive
440,2025-02-14,00:16:01,Surjanto,ngaji akhlaq,positive
441,2025-02-16,15:57:22,OM GENG,ngejar target 20 rb,neutral
442,2025-02-04,21:47:10,DEDI SIREGAR,ngerih kali,negative
443,2025-02-12,01:04:50,i MANS ulistiyo,ngga canggih 2yg canggih ngga pakai ijasah,negative
444,2025-02-15,16:01:42,Munawari,ngumpet duluan korban,negative
445,2025-02-06,22:47:36,H. Marlan,niat busuk geng solo terungkap mulyono sibuk bikin pengalihan isu,neutral
446,2025-02-01,21:11:07,aahoy836,nik muncul kolom 3 bansos cek !,neutral
447,2025-02-11,22:26:01,H. Marlan,nonaktifkan dirjen migas bahlil buka suara,neutral
448,2025-02-09,17:21:20,H. Marlan,nusron pastikan dokumen hgbhgu hilang kebakaran gedung atrbpn,neutral
449,2025-02-16,12:09:45,H. Marlan,nyanyian lagu terima kasih jokowi menggema hut gerindra prabowo jokowi berjasa,neutral
450,2025-02-15,17:21:41,Detik,nyata ambisi jahat amerika entitas yahudi mencaplok p,negative
451,2025-02-16,12:27:02,Alqud,nyata ps iya,positive
452,2025-02-16,19:06:02,OM GENG,nyemplung kolam basah,negative
453,2025-02-05,17:36:13,Barmawi.ar ___,nyimak rocky gerung,neutral
454,2025-02-04,13:49:46,Detik,oke gas oke gas kau ?,negative
455,2025-02-05,09:05:28,Surjanto,oligarki china ketua partai politik menghancurkan konstitusi negara kedaulatan rakyat,neutral
456,2025-02-05,12:22:22,Mukhtar Hasan,oloooo,positive
457,2025-02-15,23:09:29,Kang TeJE,om andimacan udah takut suara mobil smk,negative
458,2025-02-05,21:08:14,Munawari,omon omon doang,negative
459,2025-02-16,13:45:55,H. Marlan,omonomon internasional adili jokowi !,neutral
460,2025-02-02,12:30:32,H. Marlan,oooo polisi bangsat pengkhianat rakyat lupa manusia seragamnya lupa dibayar pajak rakyat aguan oligarki jokowi,negative
461,2025-02-14,20:50:28,dadan,orang nyebar gini jokowi ngomong belepotan ngomong bahasa asing hadeuh hhhhhh video fake gini sebar 2,negative
462,2025-02-15,05:56:59,H. Marlan,orang prabowo bilang pik proyek perluasan wilayah warga rrc,neutral
463,2025-02-11,15:52:30,aahoy836,panduan lapor !,neutral
464,2025-02-15,17:39:27,aahoy836,panduan lengkap perpanjang sim c 2025 kantor satpas,neutral
465,2025-02-09,18:44:20,H. Marlan,pantesan prabowo bilang menteri ndanleg bandel sidang kabinet gebrak meja,negative
466,2025-02-16,18:55:00,Munawari,pantesan wowo dibunuh,negative
467,2025-02-03,08:39:11,Surjanto,pautan menyertai kumpulan whatsapp,neutral
468,2025-02-09,08:38:41,Surjanto,payah lhoe jokowi emang lhoe alumni mahasiswa ! ! ! alumni ugm alumni ugr universitas gajah rangunan ! ! ! skripsinya berjudul penangkaran gajah afrika ha ha ha ! ! ! ? ? ?,negative
469,2025-02-03,19:38:28,,pebisnis online ?,neutral
470,2025-02-05,09:24:43,Surjanto,pecah kongsi aguan jokowi ?,negative
471,2025-02-05,13:50:59,Asp Andy,peluang sukses,positive
472,2025-02-01,18:56:26,Asp Andy,peluang sukses kaya,positive
473,2025-02-05,20:04:51,aahoy836,pemberitahuan pemilik kendaraan roda 2 4,neutral
474,2025-02-01,16:19:49,aahoy836,pemberitahuan pemilik nik simak baikbaik !,neutral
475,2025-02-11,12:26:55,aahoy836,pemberitahuan siswa sd smp smasmk,neutral
476,2025-02-08,12:16:22,aahoy836,pemerintah ambil langkah camat kepala desa seindonesia,neutral
477,2025-02-03,21:05:19,aahoy836,pemerintah kemudahan umkm utang rp 500 juta bayar,neutral
478,2025-02-12,11:26:36,aahoy836,pemerintah kota luncurkan program dana 2025 masingmasing rw rp 300 juta,neutral
479,2025-02-07,23:55:30,aahoy836,pemerintah lakukan pembatalan besarbesaran sertifikat hgb shm 2025,neutral
480,2025-02-10,16:04:02,aahoy836,pemerintah luncurkan program 2025,neutral
481,2025-02-02,22:35:45,Davip Maldian,pemerintah menindak rakyat,negative
482,2025-02-13,16:51:44,aahoy836,pemerintah provinsi keluarkan terbaru larangan penggunaan lpg 3 kg asn,neutral
483,2025-02-11,11:41:46,aahoy836,pemerintah resmi luncurkan program anak lansia hamil indonesia,neutral
484,2025-02-15,18:09:13,aahoy836,pemerintah ri luncurkan tol gratis 2025,neutral
485,2025-02-15,16:28:29,aahoy836,pemerintah swasta luncurkan program mudik gratis lebaran 2025,neutral
486,2025-02-14,19:44:20,aahoy836,pemerintah umumkan aturan bansos 2025 penerima berpotensi berubah,neutral
487,2025-02-15,20:52:08,aahoy836,pemerintah umumkan kabar gembira berumur 18 59,neutral
488,2025-02-11,12:52:55,aahoy836,pemilik npwp ktp kartu keluarga seindonesia wajib informasi !,neutral
489,2025-02-01,17:29:34,aahoy836,pemilik sertifikat tanah wajib lakukan berdasarkan peraturan nomor 3,neutral
490,2025-02-11,06:30:53,Iwan Setia Badra Adji,pemilik warung menjerit ! terancam proyek tambak udang pantai minajaya sukabumi,neutral
491,2025-02-04,17:59:41,Dessy,peminum minuman haram beralkohol pecat bahlul gunanya dipertahankan peringatan 100 h waspadai bahlul,negative
492,2025-02-06,12:17:50,aahoy836,pemutihan pajak kendaraan 2025 diterapkan cek lokasi daerah,neutral
493,2025-02-04,18:56:31,aahoy836,pemutihan pajak kendaraan resmi diperpanjang april 2025,neutral
494,2025-02-04,16:32:09,musashimono1106,pencitraanklo mentrinya pulang dibilang gasnya habisterus besok harganya dinaikin,negative
495,2025-02-07,22:56:41,aahoy836,pendaftaran kip kuliah 2025 resmi dibuka simak aturan,neutral
496,2025-02-04,22:25:42,Didedoank,pengalihan issue pagar laut 30 gas melon biar lupa berita pagar laut,neutral
497,2025-02-05,11:09:26,AHS,pengalihan isu,negative
498,2025-02-14,16:00:45,aahoy836,pengumuman ! bi mencabut uang rupiah 2025 tukarnya,neutral
499,2025-02-04,15:45:25,aahoy836,pengumuman terbaru pemilik rekening cimb niaga permata bca bni bri mandiri !,neutral
500,2025-02-06,12:54:10,aahoy836,pengumuman terbaru pemilik sertifikat hgb seindonesia,neutral
501,2025-02-01,21:47:29,aahoy836,pengurus osis smpsma indonesia kejutan spesial pemerintah,positive
502,2025-02-11,02:09:47,Sigit,pengusiran orang 2 china indonesia kenegeri leluhurnya ajar 65,neutral
503,2025-02-05,11:14:52,aahoy836,pensiunan pns seindonesia harap perhatikan,neutral
504,2025-02-14,01:57:01,OM GENG,penutup malam,positive
505,2025-02-07,09:11:28,P. Bibit,percaya ijazah palsu ?,negative
506,2025-02-01,16:44:33,Anton,pergudangan dadap kenapalah heboh kali imfonya,negative
507,2025-02-01,13:11:30,dadan,pergudangan dadap pik,neutral
508,2025-02-03,11:14:12,Alqud,periksa aguan ! ! !,neutral
509,2025-02-03,09:09:25,Surjanto,periksa indonesia ! menteri lh segel area reklamasi pagar laut bekasi,neutral
510,2025-02-04,21:50:51,Davip Maldian,peringatan darurat trending istilah pentol tuntutannya ?,neutral
511,2025-02-12,19:10:33,H. Marlan,peringatkan prabowo mesra jokowi faizal assegaf bermain api !,neutral
512,2025-02-01,13:39:40,H. Marlan,peringatkan thn 20124 jokowi lbp hendro agen boneka china kepentingan china acong menguasai total indonesia jadikan jajahan koloni rrc,neutral
513,2025-02-13,15:36:05,B@nk'iM@d's,perintah gubernur aceh dilantik mendagri muzakir manaf hapus sistem qr code spbu,neutral
514,2025-02-06,21:48:38,aahoy836,perintah terbaru 2025,neutral
515,2025-02-08,18:12:46,aahoy836,perintah terbaru 2025,neutral
516,2025-02-06,00:50:34,ismid manar53,perkiraan ramalan spritual berdasarkan nilai leader ship kepemimpinan prabowo subianto memilih kapolri berjiwa ksatria jiwa komando memimpin polri dimasa datangterutama mengembalikan citra polri pengayom pelindung pelayan masyarakat ! !,positive
517,2025-02-16,11:02:05,Surjanto,perlawanan masyarakat ketapang mayoritas suku dayak kalimantan barat wajib perhatikan fahami ditiru rakyat pribumi asli indonesia perlawanan antakantek gerombolan penjilat pantatpantat oligarki china biadab apatarturaparatur negara koruptor penghianat bangsa negara kesatuan republik indonesia gerombolan lawandi hancurkan usir gerombolangerombolan penjilat pantatpantat oligarki china biadab bantu gerombolan jokowi penghianat pembohong penipu koruptor berijazah palsu bersamasama luhut binsar panjaitan,negative
518,2025-02-16,09:12:18,ismid manar53,perlindungan kekuatan tyme allah alloh swt segeralah bentengi 5 titik kelemahan didirinya masingmasing kalimah tauhid laailaaha illalloh ilmu laduni langsung tuhannya corongnya,negative
519,2025-02-06,09:30:44,Junaidi Kasim,permainan raja jawa sbg raja korupsi no 2 dunia takut keseratma ka permainan pengalihan isu 2,negative
520,2025-02-10,05:12:57,Surjanto,pernyataan masukan diatas pemerintahan presiden prabowo subianto caracara polapola pakai rezim pdipjokowi penghianat pendurhaka pembohong penipu berijazah palsu gerombolan penjilat pantatpantat china oligarki china biadab china tiongkok komunis gerombolan berkuasa 10 langsung buktikan hasil kerjakerja peningkatkan kesejahteraan kehidupan masyarakat merata adil lahir bathin kedaulatan bangsa negara sesuai aturanaturan perundangan konstitusi bazerbazer berkoloborasi aparataparat hukum pejabatpejabat lembaga negara gerombolan apdesi gerombolan apdesi sengaja buatdi bentuk alat ujung tombak penghancur bangsa negara kesatuan republik indonesia gerombolan pendurhaka jokowi penghianat budakbudak china perhatikan pendiri susunan kepengurusannya,negative
521,2025-02-12,17:20:21,aahoy836,perombakan besarbesaran tubuh tni mutasi 30 kolonel jenderal ad,neutral
522,2025-02-04,18:31:32,aahoy836,perpanjang pajak kendaraan 5 tahunan ?,neutral
523,2025-02-14,11:13:32,aahoy836,perpanjangan stnk 5 tahunan kantor samsat,neutral
524,2025-02-04,12:04:11,aahoy836,pertamina buka 11 lowongan kerja usia 40 melamar,neutral
525,2025-02-11,15:28:20,Davip Maldian,perwira tni dirut bulog dandhy laksono militer gagal urus food estate urus beras mbg ?,neutral
526,2025-02-12,08:06:34,Sigit,pesanpesan terkandung kode angka 7 19 ayatayat alquran ilmuan kagum terkejut banyaknya miracles kodekode angka 7 19 al quran,neutral
527,2025-02-05,20:05:10,Surjanto,petani rugi rp32 triliun ! mafia pupuk palsu gentayangan kementan amran pecat 11 pejabat,neutral
528,2025-02-16,09:43:01,Surjanto,phoenix 411id,neutral
529,2025-02-01,00:41:31,OM GENG,photo almarhum harry mulyono usia muda,neutral
530,2025-02-03,21:29:30,Surjanto,pik 2 disegel rakyat banten bersatu ! ! !,neutral
531,2025-02-11,02:34:26,OM GENG,pik 2 markas benteng tentara merah pkc brimob preman bayaran mencaplok indonesia,neutral
532,2025-02-05,09:19:25,Surjanto,pik 2 trigger melawan oligarki,neutral
533,2025-02-02,15:29:23,Bang Yusuf || Muhibbin,pks sampang istiqomah mengawal keberlanjutan pembangunan,neutral
534,2025-02-03,08:51:14,Surjanto,polisi cina polisi cina ! ! !,neutral
535,2025-02-03,17:01:42,Bang Yusuf || Muhibbin,polres sampang amankan mobil box jnt cargo ketahuan bawa rokok ilegal,neutral
536,2025-02-04,16:35:33,Barmawi.ar ___,postingan dibagikan via tiktok lite unduh tiktok lite menikmati postingan,neutral
537,2025-02-03,00:02:47,OM GENG,postingan era jokowi masjid dijadikan dugem,negative
538,2025-02-06,17:17:48,Surjanto,prabowo bajingan tolol,negative
539,2025-02-14,15:15:24,Surjanto,prabowo blokir anggaran ikn rp14 triliun netizen bagikan video ikn kandang bebek,neutral
540,2025-02-12,11:37:42,H. Marlan,prabowo dipisahkan jokowi berharap macan asia ?,neutral
541,2025-02-05,13:28:42,Surjanto,prabowo gas melon paska 100,neutral
542,2025-02-04,13:16:20,H. Marlan,prabowo instruksi pengecer jual elpiji 3 kg,neutral
543,2025-02-04,14:01:50,H. Marlan,prabowo instruksikan bahlil ! pengecer warung berjualan gas lpg 3 kg,neutral
544,2025-02-09,16:31:39,Sri Rahayu,prabowo mainnya pura 2 pro rkyt pret,neutral
545,2025-02-09,20:56:58,H. Marlan,prabowo setahun adili jokowi makzulkan gibran lawan oligarki,negative
546,2025-02-02,22:11:57,,praktek,positive
547,2025-02-05,11:42:07,aahoy836,praktis cek sertifikat tanah ganda,neutral
548,2025-02-07,12:16:48,yusri,preman muncul mahasiswa bayaran bela oligarki pik 2 tampang,negative
549,2025-02-09,02:58:26,Surjanto,presiden prabowo ditantang mengadili jokowi,neutral
550,2025-02-04,17:48:26,aahoy836,presiden prabowo keluarkan perintah gas lpg 3 kg,neutral
551,2025-02-04,04:36:11,Surjanto,presiden prabowo subianto tau kembalikan tanah pik rempang dirampok oligarki negara,neutral
552,2025-02-10,16:52:56,Bang Yusuf || Muhibbin,pria ditemukan busuk dirumahnya diduga meninggal 4,neutral
553,2025-02-15,11:23:44,Fitri Refa,pribumi bangkit,negative
554,2025-02-01,11:22:58,Surjanto,prioritas utama lakukan rezim pdipjokowi penghianat pendurhaka pembohong penipu berijazah palsu gerombolan budakbudak china kafir biadab oligarki china bajingan 10 berkuasa melemahkan tni menjadikan polri budaknya memiskinkan rakyat pribumi asli indonesia gerombolan atur pemilu 5 tahunan uang hasil rampokan maling sumbersumber alam negara memonopoli sektor ekonomi tujuan pimpinan gerombolan oligarki china menghancurkan merebut mengusai negara kesatuan republik indonesia persis penghianatan penghancuran alm h moh suharto presiden 2 ri presiden prabowo 2 institusi perbaikan penertiban kerusakan dahsyat bangsa negara langsung lakukan pencabutan uu perpu perpres rezim pdipjokowi penghianat pendurhaka pembohong penipu berijazah palsu menyengsarakanmengkerdilkan rakyat pribumi asli indonesia negara kesatuan republik indonesia cintai banggakan bersamasama kedepan fokus kesejahteraan kehidupan pelayanan rakyat pribumi indonesia kedaulatan bangsa negara insyaallah bangsa negara makmur terhormat mata dunia internasional,negative
555,2025-02-10,12:20:00,aahoy836,program cek kesehatan gratis berlaku 10 februari 2025,neutral
556,2025-02-14,00:16:57,Surjanto,program kementerian atrbpn,neutral
557,2025-02-04,04:37:03,Surjanto,proyek pengembang pik 2 caracara biadab perampasan tanahtanah masyarakat desa muncung kronjo tanggerang banten masyarakat muncung bayar rp 30 juta sisa pembayaran terpaksa menjual tanahtanah langsung uruk pemilik menjual kali sungai airnya masyarakat mengairi sawah tambak uruk pengembang proyek pik 2 pemberitahuan kepengurus rt rw kali sungai negara fasilitas masyarakat memohon pemerintahan presiden prabowo menyetop kegiatan proyek pengembangan pik 2 status psn mengembalikan tanahtanah masyarakat muncung kronjo rampasdi kuasai biadab menormalkan kali sungai proses hukum penangkapan pihakpihak berbuat perampasan tanah masyarakat mucung paksabiadab aparatur desa muncung tingkat propinsi banten notaris,neutral
558,2025-02-04,17:23:45,Junaidi Kasim,ps da ngeluarkan kebijakan bahlul turun masyarakat uda mening gal antrian,negative
559,2025-02-16,13:49:54,H. Marlan,ps wkt rezim soeharto,negative
560,2025-02-06,16:33:01,Davip Maldian,ptogram tujuan prabowo sukses tercapai menteri kerja gak becus diganti,negative
561,2025-02-16,06:10:09,Andi Sam,puji bela jokowi said didu memiluh jokowi menyelamatkan rakyat,positive
562,2025-02-15,10:58:35,Fitri Refa,pura pura,negative
563,2025-02-12,08:45:33,Alqud,purn jenderal tni ad au al ! ! bergerak ngamuk jkwsiap aksi,neutral
564,2025-02-06,18:07:26,Wildan,quotes arab,positive
565,2025-02-01,22:34:57,SUDJANA,rahasia rasulullah mematikan lampu tidur,neutral
566,2025-02-01,14:43:08,P. Bibit,raja korup bersertifikat,negative
567,2025-02-05,20:17:08,Davip Maldian,rakyat,negative
568,2025-02-11,18:21:55,"Cahyadi, SH RFP",rakyat bangkir melawan oligrky,negative
569,2025-02-09,08:19:33,Surjanto,rakyat banten daerah 2 indonesia menderita dirampas tanah mata pencariannya tangkap jokowie aguan anthoni salim tommi winata ! ! !,neutral
570,2025-02-12,19:28:54,H. Marlan,rakyat banten marah pj gubernur dprd bungkam pik 2 ?,negative
571,2025-02-05,09:07:09,Surjanto,rakyat jelata ngomong gas melon rakyat tabungnnya tertilis logo rakyat miskin kenyataan lapangan kota kota kaya rumah gedung tingkat mobil nengkreng digarasi 3 buah beli gas melon pemerintah wajib atur subsidi sasaran penjualannya,negative
572,2025-02-10,22:44:41,yusri,rakyat mengejar kapolri tangkap jokowi sallam nkri merdeka,negative
573,2025-02-07,02:54:52,Surjanto,rakyat percaya occrp jokowi bajingan pembohong penipu berijazah palsu the king of lip service,negative
574,2025-02-04,04:37:16,Surjanto,rakyatbangkitmelawan,neutral
575,2025-02-16,02:15:04,OM GENG,rejeki anak soleh,positive
576,2025-02-16,11:18:00,Jeki Chan,rekam jejak bukti 2 kejahatan jokowi kel kroni 2nya,negative
577,2025-02-14,00:36:19,OM GENG,renungan malam,neutral
578,2025-02-15,21:47:24,Wildan,renungan malam,neutral
579,2025-02-07,19:29:05,OM GENG,resiko orang ngintipan,negative
580,2025-02-01,12:26:54,aahoy836,resmi !,positive
581,2025-02-15,21:57:21,aahoy836,resmi !,positive
582,2025-02-07,23:21:57,aahoy836,resmi 2025 !,positive
583,2025-02-08,20:06:07,aahoy836,resmi 2025 !,positive
584,2025-02-01,12:55:52,aahoy836,resmi berlaku 1 februari 2025,neutral
585,2025-02-08,12:36:47,aahoy836,resmi berlaku februari 2025,neutral
586,2025-02-08,23:29:13,aahoy836,resmi berlaku februari 2025,neutral
587,2025-02-12,16:17:42,aahoy836,resmi berubah !,negative
588,2025-02-11,11:13:10,aahoy836,resmi diterapkan !,positive
589,2025-02-12,17:53:32,aahoy836,resmi diumumkan !,neutral
590,2025-02-13,18:22:29,aahoy836,resmi diumumkan !,neutral
591,2025-02-08,17:49:25,H. Marlan,respons bahlil isu reshuffle kabinet diserahkan presiden,neutral
592,2025-02-03,09:20:15,Surjanto,resuffle kabinet bslil koruptor menteri bermasalah,negative
593,2025-02-01,10:40:13,Surjanto,retak raja jkw vs raja ps,neutral
594,2025-02-01,10:39:49,Surjanto,rezim pki zionis pemilu curang sengaja bikin rakyat susah,negative
595,2025-02-09,11:26:39,Surjanto,riba bank pinjol kejam riba jahiliyah,negative
596,2025-02-12,11:38:46,Supriyadi,road show amazing ramadhan 1446 h menghidupkan spirit membangun karakter terpuji,neutral
597,2025-02-03,09:13:25,Surjanto,roy suryo desak masyarakat lupakan dosadosa jokowi hancurkan indonesia,neutral
598,2025-02-09,08:39:51,Surjanto,rugikan negara rp 168 triliun ! dirjen kemenkeu isa rachmatarwata tersangka jiwasraya presiden prabowo subianto pembersihan penangkapan perampok maling lembaga lembaga negara kementrian aparatur negara pandang bulu perampokmaling sumber alam negara pertambanganpertambangan perkebunan kehutanan kelautan kedepan cobacoba perampokan maling uang negara pelayanan masyarakat optimal benarbenar bersih gerombolan budakbudak penjilat pantatpantat china peluang gerombolan chinachina perampok maling perampokan maling uang negararakyat,negative
599,2025-02-15,16:46:37,agen British propolis ( mbak Tiya),rumus menghadapi kesulitan hidup,neutral
600,2025-02-12,21:55:21,Pak Haji,rupane mekitik moh dipimpin model elite partai penjilat,negative
601,2025-02-04,15:31:09,BiSMiLLaHirRaHMaNirRaHiM,sabotase gas elpiji pedagang makanan,neutral
602,2025-02-09,13:49:09,H. Marlan,sadis,negative
603,2025-02-07,22:02:45,aahoy836,sah ! pendaftaran akpol sipss bintara tamtama polri 2025 resmi dibuka,neutral
604,2025-02-01,22:22:07,aahoy836,sah ! penerimaan murid sd smp sma 2025 4 sistem,neutral
605,2025-02-07,21:18:09,Bang Yusuf || Muhibbin,sah kpu tetapkan jimad sakteh pemenang pilkada sampang,neutral
606,2025-02-04,15:47:25,musashimono1106,saking pinternya orang inijadi kayak orang keblinger,negative
607,2025-02-07,02:42:07,Munawari,salat subuh rakaat tubuh bangun tidur,neutral
608,2025-02-06,16:33:00,Davip Maldian,saran anies,neutral
609,2025-02-07,10:20:47,Davip Maldian,saran dukun politik,negative
610,2025-02-12,07:28:07,Helmy As'ad,se7 bermanfaat asetnya dirampas memenuhi kebutuhan gizi rakyat,neutral
611,2025-02-15,18:56:18,Helmy As'ad,se7 prof mulyadi,neutral
612,2025-02-08,13:35:34,Wildan,secercah,positive
613,2025-02-13,13:31:33,Wildan,secercah dhuha,positive
614,2025-02-16,13:34:56,Wildan,secercah dhuha,positive
615,2025-02-11,23:40:11,Wildan,secercah malam,positive
616,2025-02-13,23:51:29,Wildan,secercah malam,positive
617,2025-02-10,20:22:24,Wildan,secercah petang,positive
618,2025-02-11,21:47:22,Wildan,secercah petang,positive
619,2025-02-05,16:56:21,Wildan,secercah siang,positive
620,2025-02-11,17:09:57,Wildan,secercah siang,positive
621,2025-02-10,18:36:12,Wildan,secercah sore,positive
622,2025-02-14,19:44:25,Wildan,secercah sore,positive
623,2025-02-16,09:20:33,Surjanto,sehat mudah sakit bugar badannya ?,positive
624,2025-02-09,13:33:01,Helmy As'ad,sehat semangat,positive
625,2025-02-05,20:03:42,Surjanto,sejarah dosa hitam jokowi,negative
626,2025-02-11,22:24:57,_@_ ' _,sejarah dosa hitam jokowi,negative
627,2025-02-13,06:52:32,Surjanto,sekarat ditolak ! ! ! pasien butuh pertolongan puskesmas,neutral
628,2025-02-08,05:52:10,Helmy As'ad,selamat pagi sahabats negriku,neutral
629,2025-02-12,14:18:05,___ _   (___),selamat siang salam sehat,neutral
630,2025-02-12,21:21:26,yusri,selamatkan nkri kemerdekaan raykatmemang kepolisian dibenahi keonaran direpublik indonesia cintai mantap tni memegang tampuk negara cintai inimerdeka,neutral
631,2025-02-11,08:10:14,Helmy As'ad,semangat persatuan indonesia,positive
632,2025-02-09,08:18:45,Helmy As'ad,semangatnya minggu pagi ceria,positive
633,2025-02-07,04:45:00,.,semoga,positive
634,2025-02-11,23:16:29,.,semoga,positive
635,2025-02-14,00:07:27,Fitri Refa,semoga laki laki ngomong habisi muslim,negative
636,2025-02-13,06:53:21,Surjanto,semoga musibah menimpah saudarasaudara terulang saudarasaudara sebangsa setanah air perlawanan penghancuran pengembang proyek pik 2 titik darah penghabisan anak cucu kelak cari ketemu tangkap budakbudaknya aparatur pemerintah daerah tanggerang banten berkat bantuan gerombolangerombolan aparatur pemerintahan daerah gerombolan preman oligarki china biadab pik 2 aguanantoni salim perampasan tanah tanah masyarakat pribumi asli tanggerang banten brutal biadab berprikemanusiaan,negative
637,2025-02-01,00:56:32,Fahrul Husni,sental sentil namanya pengecut,negative
638,2025-02-11,21:59:26,agen British propolis ( mbak Tiya),serial keluarga sakinah 07,positive
639,2025-02-03,00:08:55,OM GENG,seruan ulama jatim,neutral
640,2025-02-09,21:36:24,.,setahun,negative
641,2025-02-09,11:20:41,Anton,setan hehehe,negative
642,2025-02-10,14:37:21,Sumartono,setimpal hum pancung,positive
643,2025-02-13,19:10:11,Zaki BjR,shio kodok budug,negative
644,2025-02-12,16:37:32,i MANS ulistiyo,si58 beranitahtanya mn ?,neutral
645,2025-02-03,19:05:48,H. Marlan,sidang jokowi aguan gerombolannya,negative
646,2025-02-10,17:18:00,H. Marlan,sidang ke6 rakyat lawan oligarki perdamaian perampas tanah rakyat,neutral
647,2025-02-14,08:38:09,Surjanto,silahkan share group pendukung rezim,neutral
648,2025-02-04,19:25:03,aahoy836,sim 2025 aturan pemilik sim indonesia,neutral
649,2025-02-14,00:11:50,Surjanto,sistem pendidikan pemerintahan joko wi ilmu pengetahuan luas kepanjangan mpr majelis permusyswrsran rakyat penulis sekolah sd 1963 desa tolando wabula kecamatan pasarwajo kabupaten buton provinsi sulawesi tenggara 2 sd hafal pancasila kepanjangan nkri uud 1945 kepanjangan sd smp stn smep sma stm smea mpr ri dpr ri 2 1 5 sd kertas batu tulis pulpennya alat tulisnya grip menghapusnya pakai air coba bayangkan pelajaran 5 dihafal kepala,neutral
650,2025-02-13,15:52:35,aahoy836,skema kerja asn seindonesia diterapkan pemerintah 2025,neutral
651,2025-02-15,15:50:08,H. Marlan,skenario nyelamatin aguan,neutral
652,2025-02-08,22:28:30,gitoaisaefa,smentara hadir 71,neutral
653,2025-02-13,14:39:13,Rustandi,smg omdo pencitraan,negative
654,2025-02-14,08:47:48,Sigit,sosok rajaraja melawan berusaha menjegal programprogram prabowo,negative
655,2025-02-16,13:49:54,H. Marlan,sptnya membubarkan nkri 2 dilawan rakyat dibawah pimpinan khalid,negative
656,2025-02-05,12:41:13,AHS,sssssttt,positive
657,2025-02-02,17:41:23,Davip Maldian,stop ! ! !,neutral
658,2025-02-15,10:37:09,oneisyafei75,strategi aset 16000000 modal gratis,neutral
659,2025-02-08,07:16:51,H. Marlan,subhanallah walhamdulillah astagfirullah alaziim lahaulawalaaquwwata illabillahil aziim innalillahi wainnaillahi rojiuun kepadamu allah memohon kepadamu berharap berikanlah kesadaran petunjuk keberaniankekuatan pemimpin presiden prabowo subianto menyelamatkan bangsa negara morowali kuasai chinachina tiongkok komunis bantuan rezim pdipjokowi penghianat pendurhaka pembohong penipu berijazah palsu gerombolan budakbudak penjilat pantatpantat china oligarki china penghianat biadab 10 gerombolan penghianat berkuasa,negative
660,2025-02-14,20:51:25,Surjanto,subhanallah walhamdulillah walaaillaahaillah wallahuakbar walaahawlawalaa quwwataillabillahil aaziim innalillahi wainnaillahi rojiuun maha suci allah taala firmannya maha suci allah taala maha agung silakan bersiasat mensiasati allah taala allah taala zat mengatur siasat insyaallah ! kedepan bangsa negara kesatuan republik indonesia negara mengalami kerusakan dahsyat kehancurannya penghianatan penghancuran oligarki china biadab china tiongkok komunis presiden 2 ri alm h moh suharto kendaraan reformasi menarik dukungan simpati rakyat pribumi asli indonesia wabil khusus ummat muslim keyakinan terbesar negara karna ummat muslim faham tiputipu muslihat gerombolan china gerombolan oligarki china biadab bersamasama keyakinan minoritas negara kesatuan republik indonesia lanjutkan rezim pdipjokowi penghianat pendurhaka pembohong penipu berijazah palsu gerombolan budakbudak penjilat pantatpantat oligarki china biadab 10 berkuasa berkat petunjuk kuasa allah taala rakyat pribumi asli indonesia wabil khusus ummat muslim keyakinan terbesar negara perlawanan penghancuran oligarki china antekantek titik darah anakanak cucucucu negara kesatuan republik indonesia pengembalian uud 1945 aslinya menjaga kedaulatan bangsa negara kesejahteraan kehidupan merata adil lahir bathin,negative
661,2025-02-16,16:13:23,OM GENG,sunah makan,positive
662,2025-02-05,22:05:12,Zaki BjR,sunami,positive
663,2025-02-16,03:10:23,OM GENG,sungguh kuat sabar 2 palestine harta nyawa bnyk melayang msih tersenyum,positive
664,2025-02-13,17:46:05,Davip Maldian,surat kompolnas davipmsldian,neutral
665,2025-02-03,08:43:08,Surjanto,surat terbuka presiden ri sulap tanah musnah hgb reklamasi nelayan korban,neutral
666,2025-02-11,17:29:59,Zaki BjR,suruh kerja dulublm tau hasilnya,neutral
667,2025-02-03,11:14:20,Alqud,susno duadji,neutral
668,2025-02-03,11:14:15,Alqud,susno duadji blak 2 an ! ! sosok dalang pagar lautini ditangkap,neutral
669,2025-02-04,14:45:43,Sri Rahayu,takut 2 tinggal diindonesia diincar sm cina penjajah sertifikat 2 rumah tanah diincarnya target abis ni nti abis ni ono 10th puas cina penjajah nguasai indonesia tmbh ni keberlanjutan,negative
670,2025-02-05,08:26:53,i MANS ulistiyo,takutkrn 58 kemenangan mulyonokasus pagar mandeg pencabutan sj,neutral
671,2025-02-08,02:42:31,M.Yahya B.Aspirasi Rakyat,tampangnya jokonipu tolol cocok pleciden bisanya bohong 2,negative
672,2025-02-11,23:12:23,Davip Maldian,tanah airku indonesia,positive
673,2025-02-02,22:35:39,Davip Maldian,tangis histeris asmawati rumahnya dieksekusi pengadilan shm tanah sengketa,neutral
674,2025-02-03,11:42:43,Surjanto,tangis histeris asmawati rumahnya dieksekusi pengadilan shm tanah sengketa,neutral
675,2025-02-03,11:40:58,Surjanto,tangkap adili hukum mati jokowi sang pengkhianat,negative
676,2025-02-09,08:42:21,Surjanto,tangkap jokowie aguan anthony salim tommi winata cina 2 sipit kafir komunis penghianat bangsa,negative
677,2025-02-16,16:10:19,Asp Andy,tatanan dunia,negative
678,2025-02-09,13:39:50,Asp Andy,tatanan global,negative
679,2025-02-01,18:31:59,aahoy836,tawaran bagus !,positive
680,2025-02-03,09:09:11,Surjanto,teladan menteri ! dedi mulyadi ancam gugat perdata pidana penyerobot lahan,neutral
681,2025-02-04,15:15:31,aahoy836,telat ! 7 dokumen tanah wajib diubah shm,neutral
682,2025-02-03,22:11:44,Andi Sam,tempo terungkap bobby kahiyang jokowi main izin tambang halmahera,neutral
683,2025-02-07,08:38:08,Helmy As'ad,tenang bos ! !,positive
684,2025-02-01,11:16:15,aahoy836,terbaru !,positive
685,2025-02-01,08:02:50,Asp Andy,terima kebaikan berbuat baiklah tolak keburukan kejahatan ketidakadilan,negative
686,2025-02-08,09:37:29,Anton,terimakasih imfonya,positive
687,2025-02-10,08:59:52,Davip Maldian,terlibat diduga mengeluarkan surat palsu tersangka korupsi,neutral
688,2025-02-13,19:35:03,OM GENG,tertipu beli perumahan murah,negative
689,2025-02-03,19:50:00,H. Marlan,terungkap ! ! ! massa pendukung pik 2 kronjo mengaku dibayar rp50000,neutral
690,2025-02-05,20:01:12,Surjanto,tetamu diundang bawa anak berderet makan dessert licin,neutral
691,2025-02-12,11:13:27,Asp Andy,tiada perubahan kepemimpinan,negative
692,2025-02-15,10:44:35,Asp Andy,tiada perubahan kepemimpinan,negative
693,2025-02-12,08:45:37,Alqud,tim inafis mabes polri geledah rumah kepala desa kohot tangerang banten pik 2,neutral
694,2025-02-16,21:25:40,hitam putih,timbul istana rakyat tenggelam keterpurukan,negative
695,2025-02-09,13:55:18,Kang TeJE,tinggal nunggu banjir melandaresapan terserap bumi,neutral
696,2025-02-01,13:42:47,Munawari,tinggal tunggu datangi langsung borgol jebloskan penjara,negative
697,2025-02-04,15:34:06,Jafarr Jafa,tiup drom keppo,neutral
698,2025-02-03,10:39:12,.,top bangetbangsat,positive
699,2025-02-07,18:23:20,OM GENG,trail vs motor bebek,neutral
700,2025-02-08,22:07:55,"Cahyadi, SH RFP",tugas polisi bisnf peternakan salah kaprahtrus dina peternakan kerja ? ? ?,negative
701,2025-02-01,02:58:02,OM GENG,tukang sampah negara berbeda,negative
702,2025-02-12,14:25:55,Detik,tuntutan adili jokowi meluas ? tanda ?,negative
703,2025-02-11,12:52:59,OM GENG,uji nyali prabowo beranikah ? ? ?,neutral
704,2025-02-15,00:33:40,OM GENG,ujian alami lalui saudara palestina,neutral
705,2025-02-08,00:19:30,OM GENG,ulasane cilig goleti gas sing langka anane kepriben kiyen,negative
706,2025-02-16,09:42:03,Surjanto,umat islam blitar tolak imad begal nasab ! ! !,negative
707,2025-02-11,03:14:49,OM GENG,undang 2 indonesia melindungi kedaulatan negara jebol skrg negara jebol,negative
708,2025-02-13,18:18:01,SUDJANA,upaya membendung kenakalan remaja,neutral
709,2025-02-03,20:37:04,aahoy836,update ! tarif listrik harga elpiji 3 februari 2025,neutral
710,2025-02-12,16:51:59,aahoy836,update ! tarif tol kota 2025 pengendara mobiltruk,neutral
711,2025-02-03,09:22:19,Surjanto,usaha cino nkri,positive
712,2025-02-05,08:20:49,Surjanto,usia cino nkri,negative
713,2025-02-01,19:36:16,aahoy836,usia terbaru masuk sdsmasmk 2025,neutral
714,2025-02-04,17:08:43,aahoy836,usia terbaru masuk sdsmasmk 2025 orangtua sekolah wajib ikuti ketentuan,neutral
715,2025-02-03,12:48:43,akadirahamid,usir cina indonesia aman,negative
716,2025-02-12,08:45:31,Alqud,ustadz abdul somad,neutral
717,2025-02-11,21:30:25,Affandy Ridwan,ustadz c feriandri utomo m biomed,neutral
718,2025-02-09,21:27:18,Affandy Ridwan,ustadz h alnof dinar lc ma,neutral
719,2025-02-15,08:02:02,Affandy Ridwan,ustadz h fajeriansyah lc ma,neutral
720,2025-02-13,08:34:00,Affandy Ridwan,ustadz h jon pamil ma,neutral
721,2025-02-16,21:23:09,Affandy Ridwan,ustadz h khairunnas jamal ma,neutral
722,2025-02-14,08:31:35,Affandy Ridwan,ustadz h maghfirah ma,neutral
723,2025-02-03,21:20:55,Affandy Ridwan,ustadz h suryandi temala lc ma,neutral
724,2025-02-06,21:25:21,Affandy Ridwan,ustadz h sutrisno badrun lc ma,neutral
725,2025-02-04,21:28:19,Affandy Ridwan,ustadz hm yunus lubis lc ma,neutral
726,2025-02-06,08:01:16,Affandy Ridwan,ustadz karimuddin nasution mis,neutral
727,2025-02-10,21:52:54,Affandy Ridwan,ustadz m khoir al khusairy ma,neutral
728,2025-02-02,08:11:56,Affandy Ridwan,ustadz muhammad ridwan mei,neutral
729,2025-02-08,21:21:22,Affandy Ridwan,ustadz nazriel abdul muluk,neutral
730,2025-02-08,08:07:15,Affandy Ridwan,ustadz syafrinaldi mh ma,neutral
731,2025-02-03,08:03:48,Affandy Ridwan,ustadz wandi bustami lc ma,neutral
732,2025-02-10,07:51:54,Affandy Ridwan,ustadz wandi bustami lc ma,neutral
733,2025-02-04,18:47:43,ARH,uu bumn sah isinya mengatur struktur bpi danantara,neutral
734,2025-02-14,23:07:24,.,video kejadian malaysia,neutral
735,2025-02-16,02:01:44,OM GENG,video menginspirasi kehidupan bijak,positive
736,2025-02-16,09:43:14,Surjanto,video puluhan ribu massa hadiri tabligh akbar habib hanif kuningan,neutral
737,2025-02-06,05:35:24,Surjanto,video viral,negative
738,2025-02-03,08:43:55,Surjanto,viral pria mengamuk merusak plang tambora polisi bergerak cepat lakukan mediasi,neutral
739,2025-02-05,10:56:49,Barmawi.ar ___,waaaaaaaw mati matian masang badan oligarki cina tiongkok sang konglomerat penguasa pemagaran laut,negative
740,2025-02-12,22:57:11,Surjanto,wafat rizal ramli ingatkan jokowi antek beijing,neutral
741,2025-02-05,01:39:23,raharjototo590,wahyu ilahi diterima baginda nabi muhammad saw,neutral
742,2025-02-10,21:03:54,Satrio PAMBUKANING Projo,wajah kejaksaan,neutral
743,2025-02-03,12:03:59,"Cahyadi, SH RFP",wajib dibunuh abo janda,negative
744,2025-02-13,20:06:00,Didik Supriadi,wakili wilayah bali nusra pathul bahri usulkan prabowo ketum dpp capres 2028 klb gerindra,neutral
745,2025-02-03,07:59:17,Surjanto,warga muncung ngamuk pik 2 ujung tanduk peraturan presiden lonceng kematian aguan,neutral
746,2025-02-11,13:06:09,OM GENG,warga paksa jual sawah lahan waspada penjajah gaya,negative
747,2025-02-04,14:28:26,Davip Maldian,waspada,negative
748,2025-02-03,01:28:44,OM GENG,waspada kawan 2 parkir motor ramai sepi usahakan kunci dobel,negative
749,2025-02-09,08:28:14,Surjanto,wercok lambat aguan cs masif 2 beras suap nelayan skenario kerap lagu ! ! !,neutral
750,2025-02-08,15:19:14,Weyapo,weyapo changed their phone number to a new number tap to message or add the new number,neutral
751,2025-02-03,11:44:22,Surjanto,wna 2 ilegal bangsat merusakbindonesia,negative
752,2025-02-06,09:42:07,Surjanto,wowo ternak mentri bodoh,negative
753,2025-02-15,09:25:30,Helmy As'ad,woww prof romli atmasasmita saksi ahli peristiwa pembunuhan uu kpk 2002 oligarki putusan hakim banding harvey moeis sesat,neutral
754,2025-02-12,22:33:54,Kang TeJE,yo wislah wewenang om wowo sprti mahkami rakyat angkat gerakan,negative
